study_hours,attendance,final_score
5.2,68.7,81.7
1.1,75.1,61.5
9.1,54.0,85.3
1.4,69.0,50.3
7.3,72.6,85.5
3.1,55.5,56.9
5.6,96.2,71.5
4.5,87.3,67.3
1.9,64.6,50.7
4.8,54.4,61.0
3.4,60.5,60.6
2.8,94.3,75.3
8.9,52.7,86.8
1.2,71.2,57.1
9.2,55.6,91.4
6.2,94.8,81.6
2.8,50.4,64.4
1.2,54.2,53.5
5.5,96.0,74.3
6.7,54.7,83.0
6.2,58.6,66.2
1.5,77.8,45.4
6.5,57.5,77.1
10.0,56.1,100
7.3,97.5,90.5
1.4,68.3,61.2
7.1,79.5,86.4
4.1,93.2,69.0
6.3,72.6,66.2
6.2,50.9,86.9
8.2,66.4,86.3
5.0,66.2,74.1
1.8,81.5,65.5
1.2,89.0,61.3
8.3,74.9,90.7
7.6,71.3,83.1
3.1,98.2,62.1
8.7,68.5,96.5
7.0,58.6,84.9
1.5,98.8,54.2
2.6,97.3,72.1
1.1,53.0,48.3
2.9,69.4,49.4
4.2,57.0,56.6
6.1,56.9,83.6
7.3,53.3,87.1
5.1,85.2,76.4
9.0,58.5,87.4
7.4,88.6,94.1
1.9,52.4,48.5
